2025-10-28T05:22:18Z	Louise	2.820800	(no-sig)
2025-10-28T05:22:21Z	Nala	7.052000	(no-sig)
2025-10-28T05:22:24Z	SurfBot	14.104000	(no-sig)
2025-10-28T05:23:38Z	Louise	0.098400	(no-sig)
2025-10-28T05:23:42Z	Nala	0.246000	(no-sig)
2025-10-28T05:23:45Z	SurfBot	0.492000	(no-sig)
2025-10-28T05:33:37Z	Louise	0.656000	U9BhYd4c4oZQu46hdsb7z5hdHCnzUBWixtTRk9QyUAjA2m1yoWYZXA3wJfDZeW8EhvJmeNhwcpk2wy3eiG58aXX
2025-10-28T05:33:42Z	Nala	1.640000	3YWLYjyGejzgiTof96jyLhUW7veKkxszDJbkkwMiXFmzApxa9AvavPkgzDoZHoL4LJecRaQhqPnfBPZFryqZopfa
2025-10-28T05:33:47Z	SurfBot	3.280000	5baZAAKTDw5gCUp3GS8XdiaUYMZHqLpmifx69LsSMFLg5xymdUMMHkLvZBTSN5iRAhvaZHtDtPQvZDC1yinb7RnC
2025-10-28T05:35:04Z	Louise	0.098400	2iGaiXeNjtbNa5mHAppJotPMsED6VWTX6CfwoaeBVnGkd7BshH66pN4y2rfk31BruBvcZXCxTS8TZkAZR8h21b2q
2025-10-28T05:35:09Z	Nala	0.246000	cLuMfCs6BnnwYALmwRHY39Ywb17Lg18kRNNjkrfwUqwAxtoEjWVWiFXV7xw6auNUGUhuu5cZxCXcTMxJkRsirwf
2025-10-28T05:35:13Z	SurfBot	0.492000	SepD76FGFhkjoYethZh4cHoQYW9BmbitwxyKkQihkTysAFxdmS2qKt8Q7vsWdXsvi1NmZZjUH9XYswsyicd5tuR
2025-10-28T05:36:44Z	Louise	0.098400	5prtYR4xA2tfz5DsZRKR3jzQHHrnU58oLiRcJxYAJ9CToGDs3YaNVz2cbsaGZYBAqtYTgdSqA8WaCiyZZefX2Cio
2025-10-28T05:36:51Z	Nala	0.246000	4zbcqo6eewffFCMTKtU5oUwm9AsqutTyqjXrJHApWwuk5Y368F78RXKdnbqoNnRxzRycepBVBDMeBbrLqogSsj9K
2025-10-28T05:36:59Z	SurfBot	0.492000	6oSemCXJMttyzwtkir3WWjqEhMdtvLQwy79rmcj1woKNsaovy8yo7Gum9rCW84yT69AK2Cgxqk8MAiSTyyZhQVv
2025-10-28T05:38:06Z	Louise	0.098400	RFrbCgoqQfnQ7vvpz8nXAyxA9kjHh9YrGsvmeMs6WoZP4jzfaffgj13teuwgq28zy4iZNqXWYWgt8GK6YZ1SD6J
2025-10-28T05:38:13Z	Nala	0.246000	2wiT2H544267d8W488L3MSoi6SwZBfQ2Yh47o3Cic7Tj8oFv6JnPtqdFToaJbMPrasiBK5Maj2ztFk93yKUL5zuD
2025-10-28T05:38:19Z	SurfBot	0.492000	2UTr97KdcysAM2GAfKc8EwghefZMaNJUQP7drxg5MmFKGe9fyBcx153fosmNf9rRKyxLbYxRtN2LLvU2PtCWoHF1
2025-10-28T05:40:01Z	Louise	0.098400	2aS8JqyAaoPQ2BdPv21mE3hzkVpzLMzLn1ebQ86STF5wFPEXAnGBbgXfBByH7DwZr5iZ1rj4WRHd28EznKgUfGuk
2025-10-28T05:40:07Z	Nala	0.246000	2Lu6PvP9HMzWeVmghTzGNpe1tRam7H6Rst4uY2peChZ59nUjpX2P2xanP96yQRXhTPRYZ6vnBWxnYuRCit9ZBZWe
2025-10-28T05:40:14Z	SurfBot	0.492000	2yLoJXps1pJfBSMs11wd6uN2Ff9wKeQ4YbcUM6ea8z19vck8xhpUvj45o1M1nW9dhkdezmhDztJgogPCTCXtHdSU
2025-10-28T05:41:29Z	Louise	0.098400	5yCZEuBPNhmuxShsbhLyuZUVWMPcmGNxT3hduVnGtN19egGypmrqga1VPDZuMPuRsdSUQoWE5VJEyajaoxd6TdLB
2025-10-28T05:41:36Z	Nala	0.246000	3u9VbWkmXoYkEzXGSv4WjddGQRy6GgAmZFzD18uV5ddUdD68qiVn1Dg4u9XaFD3njWFFcM9CY35Rb5d2L9rnbUuv
2025-10-28T05:41:42Z	SurfBot	0.492000	5JXweifauUakwtsgGhnS5vgsyhikGX78e8zboz8T1WTykTWLYRP2QrAPdjdGbEXqxnkmnHnZwWk9ny8RHnuDi8KD
2025-10-28T05:42:09Z	Louise		(no-sig)
2025-10-28T05:42:09Z	PlatformFee(Louise)		(no-sig)
2025-10-28T05:42:10Z	Nala		(no-sig)
2025-10-28T05:42:10Z	PlatformFee(Nala)		(no-sig)
2025-10-28T05:42:10Z	SurfBot		(no-sig)
2025-10-28T05:42:10Z	PlatformFee(SurfBot)		(no-sig)
2025-10-28T05:43:10Z	Louise		(no-sig)
2025-10-28T05:43:10Z	PlatformFee(Louise)		(no-sig)
2025-10-28T05:43:10Z	Nala		(no-sig)
2025-10-28T05:43:10Z	PlatformFee(Nala)		(no-sig)
2025-10-28T05:43:10Z	SurfBot		(no-sig)
2025-10-28T05:43:10Z	PlatformFee(SurfBot)		(no-sig)
2025-10-28T05:44:10Z	Louise		(no-sig)
2025-10-28T05:44:10Z	PlatformFee(Louise)		(no-sig)
2025-10-28T05:44:10Z	Nala		(no-sig)
2025-10-28T05:44:10Z	PlatformFee(Nala)		(no-sig)
2025-10-28T05:44:10Z	SurfBot		(no-sig)
2025-10-28T05:44:10Z	PlatformFee(SurfBot)		(no-sig)
2025-10-28T05:45:11Z	Louise		(no-sig)
2025-10-28T05:45:11Z	PlatformFee(Louise)		(no-sig)
2025-10-28T05:45:11Z	Nala		(no-sig)
2025-10-28T05:45:11Z	PlatformFee(Nala)		(no-sig)
2025-10-28T05:45:11Z	SurfBot		(no-sig)
2025-10-28T05:45:11Z	PlatformFee(SurfBot)		(no-sig)
2025-10-28T05:46:11Z	Louise		(no-sig)
2025-10-28T05:46:11Z	PlatformFee(Louise)		(no-sig)
2025-10-28T05:46:11Z	Nala		(no-sig)
2025-10-28T05:46:11Z	PlatformFee(Nala)		(no-sig)
2025-10-28T05:46:11Z	SurfBot		(no-sig)
2025-10-28T05:46:11Z	PlatformFee(SurfBot)		(no-sig)
2025-10-28T05:47:11Z	Louise		(no-sig)
2025-10-28T05:47:11Z	PlatformFee(Louise)		(no-sig)
2025-10-28T05:47:11Z	Nala		(no-sig)
2025-10-28T05:47:12Z	PlatformFee(Nala)		(no-sig)
2025-10-28T05:47:12Z	SurfBot		(no-sig)
2025-10-28T05:47:12Z	PlatformFee(SurfBot)		(no-sig)
2025-10-28T05:48:17Z	Louise	0.062320	4WekKZpqUMXzMQeGqVvWZ1be6KMn45qGbAR7QHBxD1U9YRR6AiZcutiZZaJyrdF5obt4KCstVoNu4F6UHrT4MRNT
2025-10-28T05:48:23Z	PlatformFee(Louise)	0.003280	2cdVkpZDnpJ6uXCr4WRzqHX3fkecHo7MetDjeNLXi3zJpvtkbimpohasFfhNL8Hj7Db8scQ1hsbbFv6KoPhgBHht
2025-10-28T05:48:30Z	Nala	0.155800	tRfoXJrVWYrW8j3TF2hvFR5Ph5RXqfF3TanwmhZsaXd5xVngff3D46LWDCpEQUfoD8rB32eJxnUfeQcKJsdvxdX
2025-10-28T05:48:36Z	PlatformFee(Nala)	0.008200	35xdAKe7cdvPfGZC42k4iP4RE2Y7peF7HVX9UzJxfL8AHFX3xryLc8wtaPHkgS8dgMtKG1TPPDpxi4TWo2zmooSW
2025-10-28T05:48:42Z	SurfBot	0.467400	62PPLH2LAi2Vqp6yFfE6aPCDinBat4DwQUw14e7Sy2irXpk9RSnXcfh1KfCJwAgYmT32NBqQj2M4jR1LRebcqNXX
2025-10-28T05:48:49Z	PlatformFee(SurfBot)	0.024600	67ixf98jmMjJ19DMGSqdAqCHvDsTNsyfMUFoPNRirKQAVucJ4WgtZaCnAULvn1HBuF24UbLtw2LZ9PRSNW8RoD3L
2025-10-28T05:49:55Z	Louise	0.062320	tr7kZxRSZhb7fY2oMrmFWmgB5xCqJvX3xAUThkaNdXBV6tXkiUJ8MWE3eMSVSNGKLEsWa98aen2BuK7GaNn8JJ8
2025-10-28T05:50:01Z	PlatformFee(Louise)	0.003280	4QAPKwg9e9Rc1gkbk6hgwkRU4rSaCHXUFZSjbrBP587VtF57xZ4dLwzLGsJcan7Qn7BBfZLV2t9gjGtsHAr3RFBG
2025-10-28T05:50:06Z	Nala	0.233700	53s41toeQPAVHocWHQQJvbh5zq6McygTcJvBGsUYpQvoDkXEivn3UzD1Y92wVQE9BBWht4iWZXBKY8arEqdXcYdi
2025-10-28T05:50:11Z	PlatformFee(Nala)	0.012300	4KtjpQBkkBhoAiyMaWVmdZHjUSURYnhqzE2RhtMsg3kY1G7zChA7rN3gZguZW1jPeDqcxhpKp2ZYVTBmDJ1tep6C
2025-10-28T05:50:16Z	SurfBot	0.467400	ANCbiyuwFWJeYZwmUVjXL3XUpSvQmn8DoJeYWdXZf41qFSaF2ARBrWzH1WBFExB18h8FRScCQxjaGp5R1PKFm4N
2025-10-28T05:50:22Z	PlatformFee(SurfBot)	0.024600	2ASUbTRT3ev1KJY1xQG6SUDd2R4Xi2UR1TyAXkiJE6hryJbz3mhsCZ3L1Zb37DAZw5Ef6nHExrV38aoLFtmD6cBA
2025-10-28T05:51:29Z	Louise	0.062320	2i6oF923UpHQejYpaA73f3b2wL9ZG7KTKzKvEZC6jCteGdjupRMBbMoh5XnKU1XJJYuEBkndLNCCqMcM8CiW6WoE
2025-10-28T05:51:35Z	PlatformFee(Louise)	0.003280	31pHKNHFGn5spAfTr1MSaQBY8n4P5cj79AtRDNLb1XuYZQMJAPKzSwCJFS46qpZX4XyWkRJhNgNjRbYQ6fxcRZ6F
2025-10-28T05:51:41Z	Nala	0.233700	2Jt3RhyAVWnGTAvvEcov34NVGm9vbsrMW2PTcuCxDTJYTJnEisPpc6C8WAZ3eS1FoxZXqauDa3AfRSe4TqTJ581Q
2025-10-28T05:51:47Z	PlatformFee(Nala)	0.012300	56jdKtJJNty1mb5VwC6a5YudEqh3ug4EPPFZP71WWZYBqHs32c7Q3n3TDcR5DqFdHU5kfWHFxh7ExFbnjbXEeaxM
2025-10-28T05:51:53Z	SurfBot	0.467400	62Hbr7sE1uQgD5ymZAR2Ej46zWfJmPChpiHw6D237PwcBEH16ygP5W6DGNFAbTuSRJAv73rgiCeHqpBLswZACfyv
2025-10-28T05:51:58Z	PlatformFee(SurfBot)	0.024600	2fBEHCtK7CfpsXfpYTyAsh5oZn8Wt6PTvSFCBNT4GMW3qniao2C9HwyL5q78wTvNAdkMsVY5ozsaKkS8xbJ1yauw
2025-10-28T05:53:04Z	Louise	0.062320	2eqky7NjowbW6Gq6mrybxFhBUYorsDmoBc1nuU4GAEPLTwDMchh9MxWJ8peh5tZdq25PJJi6oh7D7NxvwVGjf4p9
2025-10-28T05:53:09Z	PlatformFee(Louise)	0.003280	5pkZhkMqXS21ex4bMpUkJojRY9Q36GmpuqC9Cu1JqgAP8cUvXsEyUuZF3phPtn4P4GSRNJqPNtXYNEp5ASY4BP1M
2025-10-28T05:53:15Z	Nala	0.155800	4kGTCF4FeXHbrAScwmUJy9CmwQjqCWcvWyTQRdSMvzHUArXG8GewujFjthQyC5WA5yD7VzZUqxDQfj2s67JKuKH4
2025-10-28T05:53:21Z	PlatformFee(Nala)	0.008200	3yA8tMuY11BjMxQyfsP6qUNXYr8vVZQcXcbr2NdbqqPbenTY4zHFu1CS4wjsL5XfZFMF3wYXexWpR9AvPTziTPUG
2025-10-28T05:53:27Z	SurfBot	0.311600	2iBmFX5MyqCLzrP6KdvRJKmCqo6XMEXa8JxZEMmMwnJsWHMVLVEPLVoeHmhmz9BpY4YCnnMQYRfoMMnw7hGFCVqz
2025-10-28T05:53:32Z	PlatformFee(SurfBot)	0.016400	2bLvyUmc4Z9HJWDKtkYv4rJE73xefE1qjfF4f8awYgCsWcCvFBGFV1prwx6BX5pth42pccKu3ZTufVXVm7FF8fR7
2025-10-28T05:54:40Z	Louise	0.062320	3UfxDGPnyhxWB3swguKReFg5GE5h2zTCHGdWWM3gtYTFZqWN5Jq174ZckN6krX3VexhZ4iqoDPRUxhZxJ6RZJnrz
2025-10-28T05:54:46Z	PlatformFee(Louise)	0.003280	2H8xXMnvq2gyu7zuKgMeucxPukahXS1A8c2i39iHBwTaQuXtJjPWFXMeEGFp1xk43FMbtRX5raYyNS6HAn3mfHmT
2025-10-28T05:54:54Z	Nala	0.155800	3CxamRbPVwQPya1DSp57BKg3LFkcp9a9cNshi5mcXc1VhnuTYd6pgZXwtSqYXTKki4nk5WhgDvREbX2VdzL5JB83
2025-10-28T05:55:01Z	PlatformFee(Nala)	0.008200	3UJ47hCc5FXUCaFdoA1RtMaXJViYB1owqkvj6YP9ps8VYFmPWiW9HrkUeDUx2jb1sUAb3nqiuJDvAJATaZnmEJrd
2025-10-28T05:55:10Z	SurfBot	0.467400	2gzETBWWmRbFL2kjgz7TYyZt5wSvmeuyPy7Tc312HRzqYkAQeU7C5LxSKMLcV49vahifmtZKMtkQ3JzvN2QGZCie
2025-10-28T05:55:16Z	PlatformFee(SurfBot)	0.024600	47KctoxNqEVX86yx7ggkwVYXsXwqkxuexkasZ1s1PVMy2r6A6RSrtuw4L4gGU58EvyGevhqqPNwJWYkRrC6kVsj8
2025-10-28T05:56:21Z	Louise	0.062320	4UFa8NZquvVHiuPgLpX9pBE5Ga6H3LVGXrwHmvQs7nTpjdawRp3BxRWgognyMGdLAgiLTkXrFsmxCDYwDCWeNJYj
2025-10-28T05:56:29Z	PlatformFee(Louise)	0.003280	3WHFxWPFBSKiyqMPBKx9meuc6o9JaibN8MVgZCmETi1aBqH7goTXUVvaTwn8RiNjxZbHs9tPsShisswubqUJ7dhG
2025-10-28T05:56:36Z	Nala	0.233700	eKHobAM4xokVAMu3CHRxLjnYXQDGngxiD4wtLwKJQ2BJkiMauh1hhegkBi8raCWsHQrJmCTnttCtuSrTewc8Fph
2025-10-28T05:56:43Z	PlatformFee(Nala)	0.012300	54joM6vNRpYEFvkwYUUYWTYhgzZbckqaDHzczuaVonnquEawtTtvFPQzbbuFmzVKEB4CZ1e2TzaHPJFZVFENVqNs
2025-10-28T05:56:51Z	SurfBot	0.467400	43SFuUdMezfWSni3EcnMQwWtMyhzYABHqMaEYkEGJpYJwmP6CaMH5hEdVKmcCH6QoeRKRz2nBz4W59SU1giVT4G4
2025-10-28T05:56:58Z	PlatformFee(SurfBot)	0.024600	2EdCZJ6Sqf2YD8EnYcotnVfoEwdLFS3AFSXaoR77PqigbJ1xZ68d94B9VH39Dhyr9HbxW8TVHx2FaEgu8EtxuEzL
2025-10-28T05:58:04Z	Louise	0.062320	3U3MuTSFkvwfovY1f6EMgPKQhs6Zen151GbuXwMyhoz8EZTJmJM9QmVaNZokUa1bTBwZTAr7PqvwAXez66bQj3Ms
2025-10-28T05:58:15Z	PlatformFee(Louise)	0.003280	4CGsFE6LXdmrZUcg5DnXPmW4de5MwTHDPPbKVKwDq3DnqERrnEm3JfrdWJpVuC3eiwTfPSy2LXCQWtjBf8WGq6go
2025-10-28T05:58:20Z	Nala	0.233700	4Fve1RNAWiyCPK1xNXgD5u6NJFM8GswoQQkTzQxJWrXsH9uoxJAVHhhQCaX8bUq7sXvL2tJgAWs3aS9D8Ryrp85y
2025-10-28T05:58:26Z	PlatformFee(Nala)	0.012300	4ZLNGHVC7r7GKPycXZnv4uauS2JikidaUGdCqLfCit65njbWBYTwVdwCjMS1NQ4QVsWwG5sqUXrNQw6cHHMyEKsg
2025-10-28T05:58:31Z	SurfBot	0.467400	28uABGwGDtue6SkYFFFA17Qxsbwn3BwgCUBUCBrr4bVQ4v9nPsQGDPTW5SFY31y3AwomGLBvo3eqsd5zCZj4U14r
2025-10-28T05:58:36Z	PlatformFee(SurfBot)	0.024600	3K7cu6Yebx6ouFrdUEQLih4y1rRPZWa6Gb74PMdVhQh3SeTX3MXVErX5jhEhWtYG2zCKoLRJUAG49zuwTQ3shBFU
2025-10-28T05:59:42Z	Louise	0.062320	2r6SsdDFyX86FwzUD5xHAEbJ4iwrUeaqKzTVB21yZXT57kN1C1G6FSKjNpyXKrSJQ2MUozgyqDLJu3nRWtJbd2nN
2025-10-28T05:59:49Z	PlatformFee(Louise)	0.003280	42uuYaY8BxLwSYB9sqgzwG5q7yRPiSJU5DpskePrtmErKa6smpQuHYv927RSxAVbMREH6fFQP76TTD59JPEfN8Yw
2025-10-28T05:59:54Z	Nala	0.155800	5NiKmZMcWw9XdR2STd8sYNfDyfJWWQArt3vmVySdBRHDam1c6dftcr7A2ejNRfYe1JbvwNLvMwcewRePvNCAHh46
2025-10-28T06:00:00Z	PlatformFee(Nala)	0.008200	4Cf15VG2hMYiGSB4FkDMR3EqUCSpiA6QqLemnrnAE3mYE739Xf7ex7Us3UJq4UmkbfPdymhs9V1hXb2C5N6Rzaf1
2025-10-28T06:00:07Z	SurfBot	0.467400	3NminrM4RAPAUZTkLWs92Z37y8c8NmRdkQxZFSHjCNAgXKHyJQTY2T3RbNxc63ZJ6wVsE4F8Vj5idWmq59JoPZxb
2025-10-28T06:00:12Z	PlatformFee(SurfBot)	0.024600	3s59THdnxxmnkSNbErpAwFTtWWiRdw6JYx3EMj6VbV8aR1HY8mh2H7scWCHNjK39xAh9sg9kXbuDqGU4pYmgxbsk
2025-10-28T06:01:20Z	Louise	0.062320	4mEdMBceKLWdeJ7fPdUschBvVjeQAPaLCzTLYBmCPvjuYPvnfDBvC1QucDeRAHaenRZhFWFvrbAHeiH3YLj48ubv
2025-10-28T06:01:26Z	PlatformFee(Louise)	0.003280	4kUCFc6UKcC4SYzGN8F2X5PN1JEQjHFZRUZjdfcumrvy1dEQfVGkFBj8pE354ErxJoK9LverzSwf1K5ATQkLi3xC
2025-10-28T06:01:32Z	Nala	0.155800	47i6ZqGaam5TKbj8mdtp4XKggi2vN1xBE7jxovrUVq6jCYVjh8iyrbwH2rHXijMo6QXLK2fCdp6FDxc3qqxmk5xc
2025-10-28T06:01:37Z	PlatformFee(Nala)	0.008200	2jV8VhQ6aJPiAaqTmfGECkM3vFWZgBTMAN4ZhR8etcGVATV6X5ksxYrmER4ovazNM1fg3nEn6dkYMWcrG4R44yho
2025-10-28T06:01:43Z	SurfBot	0.467400	4MvuKrehJSfDkZThU2dHkykgAownBEeKH5dsAZVZCn3ooHKT69vCNRgJbBLs9Jd8N9ttMjP4vWMdWPnjAB5cxtxR
2025-10-28T06:01:49Z	PlatformFee(SurfBot)	0.024600	ymY2TBMwxPNXfGZKURyM7YvU1CB1S1AxztxLTxXU33UGi1oBWtLmWZ9K8Z2WkCijo6EMTZxQqTZE9Pg6XqdJiLA
2025-10-28T06:02:55Z	Louise	0.062320	3oBmuiekuo2Hch5M4VaKWjwB9GmjgjP7f6dW6eBGv8GstGimdTaBmXXf7iKZ7XeJny9FTg8E81Ybi4VxGGbRK5xy
2025-10-28T06:03:00Z	PlatformFee(Louise)	0.003280	3xSbrajRJiRYkzEGCqTu9qb3MAQd29SRGG3L6R9QEzCr1pu2G9Xbg2qAWecmk6Cqybz5jKkqALP7jxgGy6SbD7rp
2025-10-28T06:03:06Z	Nala	0.233700	4EN1wa7E1peNYa54sxm7eQKDuoCxPSWHu25h62rZMHZHHu5qeDTaza55nota46GjcaaLMmKfY72ES29U1PJd2gPE
2025-10-28T06:03:11Z	PlatformFee(Nala)	0.012300	59zbKMfncRG5MuweQDTUSMaiSWsn5yt5M9ZLvrS81B5mb6DKa3U8DSw51to14A4EaeJGqk8j9D64yRf17EoUEMsk
2025-10-28T06:03:17Z	SurfBot	0.467400	2xmTrijXTvg9r6Xczg5XKN971DyL96unvz29gRtZPh6ysSaZAB9XxzTMJGLe6eauSSzoZQMv91vhAC8isnLTfK4d
2025-10-28T06:03:23Z	PlatformFee(SurfBot)	0.024600	5BEqHCExye5KYo2uf6dcVUiv4jQWumtCyJ2HmPyPeGQy4XcrabSn9dW7cNQTMuEzf2aUzTpATJnbgaCKLj9MPfzJ
2025-10-28T06:04:30Z	Louise	0.062320	3rd6ReDCLk2n4eE3Vur2TxVwnrLcbHTtgw2nUMZdTqxKDhn12AAdjKyLuHNcGdjuY8xAfzQhh3mtzS8He4EJHG5G
2025-10-28T06:04:37Z	PlatformFee(Louise)	0.003280	zwATsRu6fVSMXYppxhL4tFXVigJfzcAUXiMtLnLdsMyrGggtRHM7DG4p1KM4ordUJpwjH3XeiJ1SkmmTFonAwXt
2025-10-28T06:04:44Z	Nala	0.233700	2dTcPBQE7PzHgcCxQ6dNrSo4nCEoU7zVcUei8w6ACFEHE48qXAiFk1nXK86uG4UJSmdEcXbZB7Cyveja2TcfpGB9
2025-10-28T06:04:51Z	PlatformFee(Nala)	0.012300	45r5uNhqKeKkDSFVKV59LenjBFHdyZhzfKNyFEN42yxCLpBEULApW4rAGEdQ1whyDpizd2oN8AbLby1ZGgnUxZDh
2025-10-28T06:04:58Z	SurfBot	0.467400	2roP84GMuLBRvTkWCL54P2zhKyhKVu6DC4PX7M9om8mDs3RHo8PRbKnY397SVZvNpJx5Zm3M37BFE4ottQvRKhfU
2025-10-28T06:05:05Z	PlatformFee(SurfBot)	0.024600	5nrf5LDVdgxkq7kUyrKgNfN4XWDdqGeMfqvSJ7DNv8KvgK9tfhjpEmbFEqwicEHTbJtCx11HzUaxLS3dMHeqJQzZ
2025-10-28T06:06:11Z	Louise	0.062320	Qse5yP48iAaYNzxSEueis3miyDz7ob5e5FibyY7GsvfVLZXHVXU9nocs5NaWLDqnp299JmzQHeRaqFJf1Wpodtk
2025-10-28T06:06:16Z	PlatformFee(Louise)	0.003280	2xa4Pas5UbrPW9p8byNvgkdPpivCbYRXGmhWW5JxVBMC8K9aTv6RvqP5aCa6Ekbp5mocW5jNXso3Ru9EkkC76Hiv
2025-10-28T06:06:22Z	Nala	0.155800	39fUt2WkmYso9YjnzycdoZVG6QnRitSiHdmkoi6Rn6czU6vhEUU8mwFsR4S5bstQHWvu4vdAust2j2yifmnDukcK
2025-10-28T06:06:28Z	PlatformFee(Nala)	0.008200	2i7Rxz8YnspbWGQtwX7TicsqWEiT5mQ5aAscDawn2QKkeJycCi4nGLRTinS5pTNxkPKmgNL8QgB64JkS82rq9obv
2025-10-28T06:06:33Z	SurfBot	0.311600	4LpzvrirTEJUKzpxwoJYZp9Tz6C8HbftS3V5XEpr1a6pNZ6t7E72KwSk4W65xx7JvoYAXT9h8aMq57tgNH8puSMA
2025-10-28T06:06:39Z	PlatformFee(SurfBot)	0.016400	4uAStmDzGcuYDRrT6wSE9Y9dLNmG4aYoxudtM14cbKj28dN2jG2B88NsiAYiQHnshLqJrAu7RAtTpZ21NfQEZMcU
2025-10-28T06:07:45Z	Louise	0.062320	51do6bJdSxCAEvUF6bnamyKJXz9FJc3u7zMDSpYVL3E2AVTBp7kQskXBxWp9sxaup6G7yz2zoX2Kuf5ZtdaM3r7S
2025-10-28T06:07:52Z	PlatformFee(Louise)	0.003280	5b6SQg3BraNTRhUgvs5UXjQFxdELswKT78jrdq2fbG5aWXiguhA4tTBwu8gh95vtDqNXieQDbt1SESJ9TRv3DwwP
2025-10-28T06:07:58Z	Nala	0.155800	4DnDw5x6SpVRL9SDRa7X7SC3AxaKUqtpTjogooAFYgeo32zExRykoEdwxkPPTVNmEbZdPBWMyWy8PMfDoBHJECNc
2025-10-28T06:08:04Z	PlatformFee(Nala)	0.008200	JTHpGCp35xtbBbhDJ56CTzRKo3LJBNs82Z4sYsXEsPsYmehb3Loz739n4atZbFVGskao1qz8bTrxjLMdYawcVg8
2025-10-28T06:08:09Z	SurfBot	0.467400	2iwcfzsBKAjKpCs49F8yg1eWVFGGGVfDE9H4TK5gEWL1JAkbC7QrB3czyKPgojoUU8MrBHK7ubHfRfhFT5HcRb6t
2025-10-28T06:08:16Z	PlatformFee(SurfBot)	0.024600	dFJh7ULLER15qF4auyZvvdsEubdVNVEua4gaAb8LAfNZfw8bwuKSXJ68s6LUBSEWo4ExJzc4uuQsL8yXS6Z97M2
2025-10-28T06:09:22Z	Louise	0.062320	5bs8baFUJzCMvjsdLyvshjgNcD4DJPhx4QJVmpCZXfqEDHZLmKzGkFtxhqFMpwey7WBs1mNv7GSCS3p1PrAvrXc9
2025-10-28T06:09:27Z	PlatformFee(Louise)	0.003280	5NeG8y2Rd5CBc1UuTGd9RkBmBFBVjsSogpmnNxvV6uSjkjRYazpDeojR9bRYSZMUd3EcPVuTdUZTkyysEcTFSsjx
2025-10-28T06:09:33Z	Nala	0.155800	44kovuPEemJTfSsyinvLjxNknGoSaxrHgnHuzZ8EQrCpLrYvM1Ec7ECN7S3KhmtMdUujbXFQprFEwgYEvVsgM42Q
2025-10-28T06:09:41Z	PlatformFee(Nala)	0.008200	LqU9B6MVSXabpAVGc9CdrYwNotQr7g9WNPQaPLxAAnvJUL2fmwURHnpogTbnJVvYGpbsnEJUhFe1fYf6gCEkm1q
2025-10-28T06:09:48Z	SurfBot	0.467400	SYoBjoNQxWtAcTpkd55BKKiWoYdKbm4Zm93CEEQj1XGhbh3KZimJ1z4tJZmcEZw9yzy1pWUh2fXWABBsbGNbkLt
2025-10-28T06:09:54Z	PlatformFee(SurfBot)	0.024600	2RncTJMtZKQPRmYsCWUU572Km62powLE2mUfrgntkyatw4eZwru4VSrCzBcLephEKHAoQT1ZvM16tARoVs4YMKcg
2025-10-28T06:11:00Z	Louise	0.062320	4yXbRegw2vcgwDsAgdRg9a25LJtT1KxayACLwDHgZ9YSyN8f8uqF8Py7GD3WuL8T5p1whzmEr3RDrmHwmt2oEyJ8
2025-10-28T06:11:49Z	PlatformFee(Louise)	0.003280	58TDK9WXsC8EsBw5vupcQXMeagi9gseVXdgQ6exyukmMimBJgKeN8PKz57XHgM3u3GTJkM1Q1v3AEmwkGQZBeYJh
2025-10-28T06:11:56Z	Nala	0.311600	44c3rRTVoXkhfCmESWdSs63CH7jewmN46agmX1EeFdXgUUMMson2pmXj7PNEVrfwEqdprSr6X3HcDQJ4ReZxPqPs
2025-10-28T06:12:02Z	PlatformFee(Nala)	0.016400	4wkjr8DaSpyugsDuWJff5PuNhn8LBB9WtshcBbrNqkGPghfdaboaGzRLx9tsSdVw6ZmioCwKrGuSnhxSFk9fqnvD
2025-10-28T06:12:07Z	SurfBot	0.779000	WYtyq961vTiK7zfPmgrYx62A4VcoYwDuJdFLg36e1u5kTB14oiLXdyacG4GgQaUuLuDEu9rmvMG1wYkW8HVx4P7
2025-10-28T06:12:13Z	PlatformFee(SurfBot)	0.041000	PTeNbE1dr6Q8QEt2qVncwxyqbfHpGdHsz6GjBDArTW88pDLY9msbq5Gvk3whhwFEv2erHzfLVh4PhoUoZXTmexW
2025-10-28T06:13:42Z	Louise	0.062320	5zcGXdg7F6RsyhGPEusLGBBriaoW1oqjJxAhDKGwX5PsKZ89wK1KpQcGNhxipcxYttqvFhYv59xig294vGpwA1Gu
2025-10-28T06:13:53Z	PlatformFee(Louise)	0.003280	2JACTyNELk1ewQ4iUz9ZxCuWaW8o7duWu9XAHhj7W4jbrMQvKcCfJ5jzybqjCfDZMgvooRJ4JQXRBbHpFzwcLpKt
2025-10-28T06:14:03Z	Nala	0.233700	3VGvaUDMW7Brh1kMU4zTDaCbNg8sNvvk9wD2fR71XRMGjUTHCeY7R94qrGva6EFzJEKYwKLQV16D56dbQNeqdWZn
2025-10-28T06:14:11Z	PlatformFee(Nala)	0.012300	4utEf3kNWpEtXakmNYMFDmDrbsU9pom7TbqxKMAEuQEAPKDLDY8YLiSH5JqZs43nRSd2Q6DRBJ5aowHgVqzrm63
2025-10-28T06:14:19Z	SurfBot	0.623200	5DmMqpqUVRM1MxfCMEqh9VYESJCAB3ZAs6o9cDzCfTyMzAKDVPwBLeSwdUHyo37ZHxr5ZwowgmcHmBFPWZcr3XEW
2025-10-28T06:14:26Z	PlatformFee(SurfBot)	0.032800	46wGeq7YKZ29zYkdqLrDD7aEKmVt8ZPRGpeYVkCc7UrjZuijYBx4yZx864oz2WZ2d9SdXVYXNhbG9dxyWrWWADKn
2025-10-28T06:15:31Z	Louise	0.062320	3kDeRJ278vtM3mMnxa8qT8ZqnNcA7W7mCnWXQMN21JHgoKzJgMMUw4CKkEmH8yU4TeP3RBoBZHqSS1DGA1tnuWf5
2025-10-28T06:15:36Z	PlatformFee(Louise)	0.003280	4hvBwp4bSwnLL9M4BDofcrQ6JvHFj6xpBzhoza4S9Fq8WZjCrtVeq9r1iHiDS5A9QFj6nogVSimKxXmqw8bETFt
2025-10-28T06:15:42Z	Nala	0.233700	4uVLF1ze5io4L4nJHjcHhM5FvCFt92jK3V8jJFJVdYa5UoaNc5dK6mY3pbexEqerK5AmP9fRZFeQuXaU1N7115R5
2025-10-28T06:15:47Z	PlatformFee(Nala)	0.012300	3LWUqsLj2SWWUDtd1HAuFCpyMdVuUbPwCHfWnRr7ViAgxKwDt9iyVDUnVh16AWBbJh6Pz4rhZWwmWXAssDr5RfmK
2025-10-28T06:15:52Z	SurfBot	0.467400	5nwfVqm7gCYYKbSNC1wN1NVU9efqaSmH9xEMu2JH2MCfKspcZgx9mAGu5VK5Aj7gKA8t5sgJBUmKjSTMRnUpVkx
2025-10-28T06:15:57Z	PlatformFee(SurfBot)	0.024600	3qQtFudimtyBUG3CKaaUWQkXyyDu9rLxUCHUtrHgzRhsnXTCaq69KwUcwXz5gTLa619ivAVfzcuYhdtXdNBSNQ38
2025-10-28T06:17:03Z	Louise	0.062320	27RAr4on689tcLnwrMi3tt6j6FDGvXvYvh37wb143gRw7XZ6VzMKBF14seQdV6wL5PZRv9FerdbyufDJhZvQYnwL
2025-10-28T06:17:10Z	PlatformFee(Louise)	0.003280	DaTX7r8bfYCjpkhHbjci5yaEpKqtmyvmtGwSh49BxvxLwzryUnSguTMBSajwiNDAA9VdzFVrqzPCtDY1Hj2SjXc
2025-10-28T06:17:15Z	Nala	0.233700	Q7yWZ3ZXzEifAPZYK77pA4wVWKn2rNeqvZmmqnzR9JQSM3z32AqyY9HBYnz5Ratd2UDzZbDvE3G7nmam5QfoJfS
2025-10-28T06:17:21Z	PlatformFee(Nala)	0.012300	3oarxC4Qh9mnnfb9PfsCkkAuRiFLQp7fGwnZ69eCDBpMgkogy6559XqmUjBau3Vr76psy52H2WWcFK1BWTX1wACH
2025-10-28T06:17:38Z	SurfBot	0.467400	tjECydodcQxsFR3EERdCP5WMKBgDkJ5vwkWwcQGeJRyR8DHk9ffCZGXUvxMBbSNZQNWQTCzF4rTNdS9S6PKeN43
2025-10-28T06:17:44Z	PlatformFee(SurfBot)	0.024600	2ntNFYHCyqMAgrUFdQvbPw4VJgfxMGiLr5ZZLkDJfPdiaJFrT1eet3t78gABL9kcx2itbZk1XGZ21ytKi8q8kJrf
2025-10-28T06:18:49Z	Louise	0.062320	5NoTgYYV5QEUWBbkkM8pF4sUNVmzczBS4hBpZryhkwRg9MJxpy5WNvgRux6Jm4dJNC9xd3zHemLigzs7Mhg6eY6E
2025-10-28T06:18:55Z	PlatformFee(Louise)	0.003280	4te93XjybLbfCTyFAXQMSi5mwDNtErHfkDL27aJLnVb568qwvt124Rq1wAkpXair6N5ZNXszeMB4SGT9wFrckM6J
2025-10-28T06:19:01Z	Nala	0.155800	2DbAXp3LVgFHpWzz5Doqj8UyJBtWKQAJxjNKJqt6JkEWfqeEZ4Pghja6rjbWjvTb1BFZeYdih1wB2BcC8N1BpyGF
2025-10-28T06:19:06Z	PlatformFee(Nala)	0.008200	4C9C4VkksMQ5mQYN8PutZxpx4wxhAWybw8dfwT9YsohisDTumKmKgiLFg15rATFoyg5petWoNMUmtdNGrcsbBn7f
2025-10-28T06:19:13Z	SurfBot	0.467400	5vpymosEgqutdxAiqvzFcNxUfwizhKfqvybYG7Les5GM1xN5gqApEVLgb66cpn1CWBys94yruJtVbbQfjRzd4vdN
2025-10-28T06:19:18Z	PlatformFee(SurfBot)	0.024600	wzHKGD8MgULWvfr7VqRULmcU7WNswPLQW3fuEsxRfYSpDHEgbnUedixPHWA4TvjvfL6W8TQeZAgTSEdEsm6Ux27
2025-10-28T06:20:25Z	Louise	0.062320	4uUghaAwEg18v9Hkc6cuZE86HACcKckR3v1xAdqKBTebG5yP45zM2dhKSwPwZ5zf6coZTudwjLkrZaoF2zDGSNuq
2025-10-28T06:20:30Z	PlatformFee(Louise)	0.003280	2ccJHR17PmYsVDAi1S4zS1YVACtVdWD3e7pjRP3TXNQtXZe5btZTEA3tmQnj6aibsvP8sjgi1SKEDKVmHv1vmBf
2025-10-28T06:20:36Z	Nala	0.155800	2MxWhKMGtRi1JtFpGuA5bBTHainnpLmp2RC7ZHGC11rENgG4EQ1A3hCDsXP5afJhRRUGtxwGwy8GtKL9xCBRiNp8
2025-10-28T06:20:42Z	PlatformFee(Nala)	0.008200	vGe6JLPhAHRaRxz1mJQzTuGiiLetXS4qZvPUpGi5yMiufez69pafKatFso4SnosqweQadh1zQUc2JQmHku4SBi6
2025-10-28T06:20:48Z	SurfBot	0.467400	4D7pkh6PubzzeF3jdh2NfbEuD5uwBsyVF3DjCa755TS1W8hSq6ZKFR9hZRi3wX1ezsc3HDvLmqwLYjzuYMz89PvU
2025-10-28T06:20:53Z	PlatformFee(SurfBot)	0.024600	5kzytdYmCV2Kb7gqJ2fGm4zKTmH5jYhf2dD5j12SAVNqapZ2sAJt4NW9bUD3VSowEZwokffaEMe5K823xKZY1FPj
2025-10-28T06:21:59Z	Louise	0.062320	4bieBgRMUvpAqqWy1rPbTBXyVopskEEbVjVLwCGX3Rk6xPuttkGnJu6MatqNgh9moRCHjcTYBa4HFKkJYRGrjedq
2025-10-28T06:22:05Z	PlatformFee(Louise)	0.003280	3MAs7gEjZtLEdERYF5Q3ZrF55Jzz2XccR9YdCBYKLRNoXheKiwREWhRSJtKhdDEhJRqF3MAUkTb1B2PLxS1CCC6m
2025-10-28T06:22:11Z	Nala	0.233700	66xCkUyBduMw2hbxdQn3oxdyxfMTUZdu3ouFmwseAh4S2uSfqBTebLr9kjZ8k57vVvgYQEk9pzHdoSNDqUKC2Rfv
2025-10-28T06:22:18Z	PlatformFee(Nala)	0.012300	MLvPoHjFgUwB73BLfS5LEw3omxum7PpyZUjbpmNBE1QCvKeBZwqfZpCn3QCK7n5Yqpsd38vL1Q5pZifAKMBaPxs
2025-10-28T06:22:24Z	SurfBot	0.467400	EX9RZAYwZopXBmKE9gmXzPaErYa48PMyqVBtLMVjfB57RPyX3ZSFN2meZLsj1mEgSNjH3G5Yq9YBFuAi7JtTGvJ
2025-10-28T06:22:28Z	PlatformFee(SurfBot)	0.024600	3bxDQdSJ9uhMqFPTr5rw2WtV87aHFM17w5DXz2CJVgqbgto8bmdkhJc2Y4j5YuTXXDPhS3HWwYpWPwWY2Gpb8FF9
2025-10-28T06:23:34Z	Louise	0.062320	5WyG19fC6fV8eyszGsq9PNwdu2c9pDLDm8YUEcLKACJoBttxQabauajkHUdCp8Zh34LFRzw7dnEZt8NFFeZPgd6P
2025-10-28T06:23:40Z	PlatformFee(Louise)	0.003280	3eKJk5crBtbAuB6xTSXU39tJ4KCrpVaxgzdnBRBf2tLdGnf9NBBoGrADE9Ue6ym33P6EsHNDXb8SScPFYtkP2EoT
2025-10-28T06:23:46Z	Nala	0.233700	5tCnXA5WnRqFTAJA5Fb8NwVaKku9A46Xub4GsPb9x45YnZzpRfzSRXtVLMXrR8kdS5o9UdRDQ7LTSZfRhNT7tieD
2025-10-28T06:23:52Z	PlatformFee(Nala)	0.012300	44GyCJn7KHBNxGufKKaMD5ehHRNTKpt2L8GoZyyoLFWZDTTm5LhM2JKLmjDSJ9foPjpvLv6hEgaAaoJMiEW8zVgJ
2025-10-28T06:23:58Z	SurfBot	0.467400	2U9UsGRRNBf2MeffjJAfeBr1Fw8WeB5wx15kBF9xg7nLzKgDH6jdGMHHtPZWykPVgpAaXADChDnMAUmBS1AJEqEV
2025-10-28T06:24:04Z	PlatformFee(SurfBot)	0.024600	5nvxuihX5RRHgYR5RxW7ktvTPNVuR6UaC2itXjJnc7ZjH9Qqq8BWHqr7imLmArgcDTdaxAPfLpg5iBWEPcLYATsR
2025-10-28T06:25:10Z	Louise	0.062320	2o6QDPpnm4oe3fxunwsrxumHDYKhgxbxBatFm2DfPzXVKFDGamXQFkTxpoaLgFXh4Ufzue2Y16mQsRfE24Ldye4B
2025-10-28T06:25:16Z	PlatformFee(Louise)	0.003280	SLP5NXSgYFREpoaSW31mFQHTduFfxXpH3uQs5JVUQwS2tdprHd5EBG3Vhh1xx9mNzxSW9USZsxMrRBQBfEmCtSW
2025-10-28T06:25:22Z	Nala	0.155800	2jJ6wWzcdru1D2bXe64PArY4LddJFMkrWyqaV1aHcJuZdtxcQaZBXCCckzvt5E8aE8dbxUm316ZDAJDrZhwgHrRB
2025-10-28T06:25:27Z	PlatformFee(Nala)	0.008200	Rpkrd56PTFVzup6AEGpLogj5CQAvkqodecJWr7N5cAEqCVebNgwGWk8dpMJNpC4iHdhbkv9Y2MkAu73kZGyDUm6
2025-10-28T06:25:32Z	SurfBot	0.311600	3T499EkZEcHj4yDgAxGhtVFX6sE5mirTnWHC3Uxnt7DGD1fYyQs3RWPYESfNF1SKKHq4hNAfvJBuBuuiytB3pQUz
2025-10-28T06:25:38Z	PlatformFee(SurfBot)	0.016400	5hnCimd5LYMB6y8idNCP36rbUqgGXQfz4nRpNADo6tVAoZn9zWAFcDw1pSd8KUqSGeJj5ZyMZqdxQnhS5KyJVVAY
2025-10-28T06:26:44Z	Louise	0.062320	28HcDxGqE3D3LZUDikkpbb5DBtYQ375xgsrntJ4QMom5nru2ht5BkTWshSvCi9WMSyaFUPcyFDcx4sWPWcwz4NJs
2025-10-28T06:26:49Z	PlatformFee(Louise)	0.003280	5AHCygAzbj4XM3mXVapsTj3o71QxGKkjykrpNYc4t4a7jDVtc85B8PtDskvRQCQDTCwrF4cs8SDjtCKURLkwsm1A
2025-10-28T06:26:56Z	Nala	0.155800	41dez8N6CGAr7PXrq75zMLxaBMTaHd5Kwrfv5tAsp5dijofEa6JdPnW9G8xc2vL1c8ecT8fkDPK3m3Mn5bdvSVg6
2025-10-28T06:27:02Z	PlatformFee(Nala)	0.008200	yGK1yisUEHvTpquPTJdqjRFcCCLqwSpqBDQcw9kMTDEp7wXiw1yiPfdxk26tYuw1W3my4sbGy3dRN92ijPpBUJY
2025-10-28T06:27:07Z	SurfBot	0.467400	2ti6oCeb9Q2WsXEHFxqEQLLfAkb6V6mwN5qd6uBATcYeKPqNUx2zUiVUYg7DguVwhAqmwiXkDbovRbcGWnFSTpwJ
2025-10-28T06:27:13Z	PlatformFee(SurfBot)	0.024600	3a64PQwRy526xwkiL4znszpXwMBwmrmf8j84DJhRc4QxSqV1U33GrtGN3PdY33DSzxRiqWBgm6jPqmGE4qosd4aY
2025-10-28T06:28:20Z	Louise	0.062320	45ZThKD1bhZT1qHUavcJGFaC1MapGu5skWqGQArdT8Vtd5BBLXGErM6rwyWWyLJjo2CZM5gjXeX4g2gA3fiFLQbS
2025-10-28T06:28:25Z	PlatformFee(Louise)	0.003280	c5hCDPFy3epUSmhEJ6ptxx2SqLkhgsSb4c8nCRF9P5KjskZxJBPbYz2U7vc1nvfLKc2hRxHnPFzARMk58QwfeLP
2025-10-28T06:28:30Z	Nala	0.155800	XV6AaBQMDkpJaaWLhEUrpH1fRfNV2yXpwwEcpj5qRYwqiHaESZtuRYiQjLkoMtbymL8cM32YYxGSG8J21Q58XWE
2025-10-28T06:28:36Z	PlatformFee(Nala)	0.008200	3SJA28UicXsDArEw78arR9jBmyQRM8b8vd9cLKKrdxDxvNo5vTZk4nE2SyxKQUd4neXSoZAR7mKEa7nHMVW3yjEk
2025-10-28T06:28:42Z	SurfBot	0.467400	5xsf8ZTGeSWuBwZRV9U3h1ep1avrpg4oWwVPEkjMATFT3jMBcTKsrkScQpLr39uCQsb3QQHyXA7paZ274xtNNnzB
2025-10-28T06:28:48Z	PlatformFee(SurfBot)	0.024600	4yXWTQRzCEoJNqi4VFQL4svW89mQ6f2T9WbERjP74kDMhyJfMjsvyNVBNwJ8KwVPbxChVCXDhb7ghyrSZpzpKgsN
2025-10-28T06:29:55Z	Louise	0.062320	NUjy1Ny2c1ndgiKhhfS18CsUjMcrjFHFAJePsEHX1Y5PwPJMkZFHUpHzdKMsWHvPPjbyRxYvzTn8jm2evcPG3LK
2025-10-28T06:30:01Z	PlatformFee(Louise)	0.003280	21GWfnZejPG1Q4EjiD6gR72KyQKQ4oW9vdkQiZXkaFYRiYVPgPMhrKAtukfjrrEgambeZ2PgNRbnSq2pmN99civ7
2025-10-28T06:30:08Z	Nala	0.155800	3MzRUWZT28uPkwmYwoNB2BdFXx9xbFzyWxqG4B9PWWXVvYBJRys3zycfzLFK7egXyvc6jPjdvD6iGdq5VrusF24X
2025-10-28T06:30:18Z	PlatformFee(Nala)	0.008200	3Ubg1xeCT5WxnBnYSUZhWQNSVpVDMemqWKQExACDXGB3E8H6LqpUg8KVPPp5c9pECWMwvoCKjLGfjvasQo4c4hbg
2025-10-28T06:30:24Z	SurfBot	0.467400	3L9ZKb6XTXaZQDTUGECHgzzv3oSqg8mzTFm8qXZymB1W9oXLpDvuRbu6wRN1W2sNzVuobn8EbWoUf7bnT2oMEJs1
2025-10-28T06:30:30Z	PlatformFee(SurfBot)	0.024600	5voRHuiJ77jXAJJneUcGs1XD9WHgvBK4GMqecoM6LFa9ELUDZ9cL1jWFZqy9NaKi6DQp987e9ukdcEEdEkiRXhiB
2025-10-28T06:31:36Z	Louise	0.062320	3uNZmoCFXKiL4TBrH9hSw8A8rqVPmMdAmNbkf2BLqA4djmDHtW7Gs23yeajoSjXozv9ZC55viBRvcEfgAbeD8W9j
2025-10-28T06:31:43Z	PlatformFee(Louise)	0.003280	5SKq5cbKpqtG1GunKs9TP9m5WY5FPKZkJ1pQVGF2WMDogDNSF8Y5aLd8dMs4joJdFzBQfYP4V5ZD8dXmgE6GENvw
2025-10-28T06:31:49Z	Nala	0.233700	2AJXGX4MJpKCewwnfYWZSTUCz7QZfTVvixGv9hQY6d4voJ6KMVmXCp7MbPhZdMbE5GyuY59Lc7GDFPwktvoBKMw6
2025-10-28T06:31:55Z	PlatformFee(Nala)	0.012300	ZKuAvzrkx8MHm335ETird9BrhyJGbx16BT9dho57MTcvSsavAaK1tGKY71dmy35No7iD84kDsxyGNcAvgtcVDH8
2025-10-28T06:32:01Z	SurfBot	0.467400	mpi8MQY6W3nQQqDjH4DK9j9TAzu99DUwV5fafY68SaCChGcNMAFsre8KtbJ5StU9PeRzkcTAe4b3br8mEaWADrk
2025-10-28T06:32:08Z	PlatformFee(SurfBot)	0.024600	5q2w7N5LPiJ1ctrVrfrkJUNtRwxAEPXFjaBey2HkqRRx1tzKZMqwLj29iLr1xU3VyQ6b9i4YE3bs1j6SBfgqduKg
2025-10-28T06:33:14Z	Louise	0.062320	z6zQpgnoB1DdxScq3uk537kpUBNtMbD4Y1r3kbnR8oT8iDjeVX4AsLMbSZW2EELnbQYCXyNJwdsVLvGFE3yRB4y
2025-10-28T06:33:20Z	PlatformFee(Louise)	0.003280	4oPryv8W9AQamURSN2xgwS2uoGN5MRX2QPp7BvkiUdPxahXzdG7FmtLAmTzgEWqGms96M22B5xmoW5yw6pL8czgc
2025-10-28T06:33:25Z	Nala	0.155800	jDR8Qf5aRtHLBKoPMV3oWsLptBdHZVWnvN22T615ndmvqvpQqS9PQiUe8c9yQ61CHqiYMzfMeFUCYhuX93JMrfM
2025-10-28T06:33:32Z	PlatformFee(Nala)	0.008200	4cxxUXgzeSms79pkaouR8XYy6xazjs1wwHaxEeNDWm2GSFECCxkHmPZmsuMbLh35XBpZYi7f46aZ2qTdBo3MaWbT
2025-10-28T06:33:38Z	SurfBot	0.311600	37f9ZUjZR5Ef2znwCp7gTGHKefaj1E89BbtR2tG88awFnXqUoQE245X2UYCGuXiyveieD4pwLgz53eXscszd2jAJ
2025-10-28T06:33:44Z	PlatformFee(SurfBot)	0.016400	5pAJtyx2F4MPzcY22GjJs8VbabNdMUZEWB3D2hWtc1e9RL1X313BEvj63dHFsyV337rbNG6zTTEXhMKYxHSFLXkV
2025-10-28T06:34:52Z	Louise	0.062320	4mcfkU81YA4s6yWUKwzbYUMpQcMVsVzDb2peBAh3mRQcdXjjGEtq7bwdMdiQm7EPB19Ajdr9ficwM9MpJ7Zwk2kL
2025-10-28T06:34:59Z	PlatformFee(Louise)	0.003280	2VtghRTs4utSjiCZTN6QCeUyS6a8CrG3x4jLayjkkKEDrfEYbQQotK7BhwxYREWkM9BieYrRgTSVnRiJAVnCqZy2
2025-10-28T06:35:06Z	Nala	0.155800	4YCDchQ4Swp9p8hY78zYCx61YjCxECkg85ZDKCcCjFMJQeUAh2HHe6r8yjMyPAxEVoSjKUodcoSKtWYQFuX3tmXr
2025-10-28T06:35:12Z	PlatformFee(Nala)	0.008200	prtQW7QCyjqpD9ixhzSbRiPZj5YbUpPDztf7g5mvHFTjSHiirQxwCQsXEidoQfs1tVDLrtcYE9RRdiWHC8s9Lq4
2025-10-28T06:35:19Z	SurfBot	0.467400	4SBuHZuFBeUSPFzrbZHC3R8cwWuoZqGSnaMNv8cJTY7qeWAQSTjRD3ZLFfwaGT5Sqv1iKDFyxFZCwUcFMxkuPUDu
2025-10-28T06:35:24Z	PlatformFee(SurfBot)	0.024600	425BYYk3uvjBJWLkuaw9bPJyqfXkLRiKjoEV3z7VXibkLaPc6msmGJ1WWaVcXzTxHbZhiBn8w5QTg66PRAzb7ZGu
2025-10-28T06:36:32Z	Louise	0.062320	2qi2iZgB41iJhrwJ65frJqMp8k3e1y8gAkG3b5FNsXbsWpWkeXWs1uCPSkiNHgWMUCjaFyZnBJTCTk19JTjU4sjR
2025-10-28T06:36:39Z	PlatformFee(Louise)	0.003280	gZ4Txi7ByzvaaPWgLLseuSnnntgdypwkgvBarxotxwFFJT9WnBBV2jNUosnRrbMWHkbdaXQdrm52wXMcRznJXF6
2025-10-28T06:36:44Z	Nala	0.233700	rfuFyLA9DRfdHfmZRhBQKXjzRFDyg3JCfCf7xQ12JRJqUNJgnxaFxpeBLnvuqyDbhGAg15FW9uy2fa3X8H1JXLZ
2025-10-28T06:36:50Z	PlatformFee(Nala)	0.012300	3skX5QYv6NKjLy1RDfZfPfL8tcyjw6kx7UDvGAG7Sz9VS9W8c9qdArsk4YEKQjCFavGgmiRpeDWd8j8TVC9kzsRq
2025-10-28T06:36:56Z	SurfBot	0.467400	wcUKHtBDzLhrd8UmcemzRb8DpVzjwQWH4cuRLLaGRdPEapjcYZHkR333Ydg4FGAzDDbJmfz6zoWQdBdKjSv97ip
2025-10-28T06:37:04Z	PlatformFee(SurfBot)	0.024600	5pHHQR4K8S6DiqpfR6wLwJedeijkYoUFwGkxT7NdiGML6ZMgC6c2yXpj55zW2EAkDZuN4yQjo4jJ2Y7VH6rJ4SvR
2025-10-28T06:38:10Z	Louise	0.062320	5ZfT8vxwGyus5DRcjbtPHbi266ERN3A3ACPnfonCK5M8UyjP5k7GA32vrPwTVHJ8X6Dg3eFyX5VoX6KTvhmagoBa
2025-10-28T06:38:18Z	PlatformFee(Louise)	0.003280	5bGJHZ7GcoRJQgqQUNfqDfgLCkQL6y5cWNiz9SqohooTWueRZpAAR3rbj7Gx9B1nWmGhed1bEyNKDfrYarJuKFja
2025-10-28T06:38:24Z	Nala	0.155800	3Ym7RP6fzvXa3cj8XmQ1fmzBJz76fJhUEYW6uW5745UBCQ8W9uPdhc67f86nmkFVTxwvYZ85VXRcKvUJh5dPQF83
2025-10-28T06:38:31Z	PlatformFee(Nala)	0.008200	41U1YzwLWche5g28BVZBG7zhcJaGUBnrMPiH4nVgG6X19p1eMNXCPR86Xj2iJLVUuqsXEYaBbePtWYxGz9Chq2is
2025-10-28T06:38:37Z	SurfBot	0.311600	2wPW6gNmFYQnJ4f82JPFcvqNpP8vAqaoQeGRVtjLStXrnV6so2KHdTyFgFMQbbAoeJb5Vuzokuo17WXxyzYc989p
2025-10-28T06:38:44Z	PlatformFee(SurfBot)	0.016400	4KRHPqvjeWWoaCY55NKPkCzev2KEhPKKu6x9vEV9pV9tLdTfupmgGYCs33daZtdmZRhoKqaThMkPvgr35kHSbggV
2025-10-28T06:39:51Z	Louise	0.062320	WHB2ahhJKcny3XHsuSLDGAnesieT3nFeGhmWq4fZSMSQ3JQP31235vfEM9MkE5hUpqCfW2TnqU1j7EaD2jXBTGA
2025-10-28T06:39:56Z	PlatformFee(Louise)	0.003280	3gk4y85WMixRQ2Xsf2BLdyt6jjwuT9VoaraN1KBLM5CwV3vWpfGGWziKZuxZd66BA2PrSC1gkan57CkQU7cT3GYJ
2025-10-28T06:40:02Z	Nala	0.155800	5cesNQ5YBwz3CCjSXjvQgpnZYoYfcHe6NT5z9wykArE2QB1AfxmsfecH5dwo2MnC4H9wTBitTDt6169HXzbegiUy
2025-10-28T06:40:07Z	PlatformFee(Nala)	0.008200	2dB2JNiWmmJXRy8CedmU7STsGh4y5hPQdw9obyJEF1ovP9Af8sb1f72D7rCsyf9c76uSoBTp9fyd8qHXxuDnGZBN
2025-10-28T06:40:13Z	SurfBot	0.467400	54utcwKWk7htvYzjTq6KQoxLXZJQnYf6hKdA9jqG33sGHJSwjcJsKmSGhjsXXEoUqbB64durSoU4AWw9PtqpV4aP
2025-10-28T06:40:19Z	PlatformFee(SurfBot)	0.024600	BTp4XWa32Cg6ndESxwJBkr4QcgDYsr6Wa3xWFKGwm9uTx5irvYouro8NkXhPLUcoiZfuypHi2bjHwK7WiihLjwG
2025-10-28T06:41:24Z	Louise	0.062320	2DaaoTi5Zd8grRmYHkyaogZdgakQDB4zmziVLvzswkfi4kbiUiCz8vHo8mVsJWkLuSnbctoiVo2MWvz3innqBJUW
2025-10-28T06:41:28Z	PlatformFee(Louise)	0.003280	NbMciCX7gP9gtn3GDJDR8f2s3aQVYC4ftPPYeC8zYABKV3XRWUqg4hYEY1UR5Kb2YJWsDRfbi3wTAT1vStxrshx
2025-10-28T06:41:33Z	Nala	0.155800	2UdZFVGbUknAfhEtY4ZcQtBS7bQK68eETtWGs6JFGak43TYYC9DhigCRVa51y7Cen8Leans2eH1nZhq3hzkXttJ8
2025-10-28T06:41:39Z	PlatformFee(Nala)	0.008200	5oMaWnTKstWcEpZ8pvJ1FQuWWFaqmvXNRZPF5CePXUDe6wkHgjoE8GdfH8AGyjfga3AMgrPidk2Lp32H58sc3Tg8
2025-10-28T06:41:44Z	SurfBot	0.467400	SwMz1VdiFGQrqmFAL85J9hLacVdcdFkuHGkp4dpXPnL9Lim4bqahWCLBxzJ5hXtqL3iXMwXBWrY7ncah9KPvUFb
2025-10-28T06:41:49Z	PlatformFee(SurfBot)	0.024600	3o1dqNVeaWQ9KJJsEmVyYhXSGCjo9dZFYqCDkjHhbEuAUCqFNYKezSN9XH7GvBsGVDKti5rWhgxi74brbgKEMH9G
2025-10-28T06:42:58Z	Louise	0.062320	3Bhf8cK3ZiKbAXiCsXNwjgDDX63SYpZZugdiZRxvd3wk5NGf3scuQjiZtUgcJnEoSb1Ne3QdmWLjqqbx7CHkyMEL
2025-10-28T06:43:03Z	PlatformFee(Louise)	0.003280	55KR9FAfVg5aVB1a8NKUbXovyfrLFM17uNXBiSkUuSuhpswes3khpb5wo3z7CoUBbhehaqZwhceDudp2LocVaGhU
2025-10-28T06:43:08Z	Nala	0.233700	kin43K1DKhD9a15pb7UoY7PqgrdhW3F4aQDgL72ozZyLVK2jvicPCFfy4HqDdHojxVxvdaRbXNXsGR63s9XCTrk
2025-10-28T06:43:14Z	PlatformFee(Nala)	0.012300	AwMWZ7VwARfNdwx5my2RacuQL9qGo7c55zBmqu8j7d3BcyCXHka4Fh2ZmpxYByqh1FVUJjHeKsJA17Hd2HAsU3e
2025-10-28T06:43:45Z	SurfBot	0.467400	(no-sig)
2025-10-28T06:43:51Z	PlatformFee(SurfBot)	0.024600	53kTXswMLyzo7q1N8gdWQ9SuDy3M73ddi51vH1uP7rGqhpE3JSTauJGTVr4Eyozqjvqa526GWKehf1bseSViKM7v
2025-10-28T06:44:58Z	Louise	0.062320	2aETRvQWu2W8Qega9Lekn14R2YvPnqi3PdphXy3MKkoGfynG4Zry1LLTH6MyMZorMm9yE61rSazpTbfgxAhCmRnn
2025-10-28T06:45:30Z	PlatformFee(Louise)	0.003280	(no-sig)
2025-10-28T06:45:36Z	Nala	0.233700	4aULTZNpvt4LCSKWDSRtM7dbXMMVpQ2d3Hwj1scXnp7fGRo1MFyEYBZPNmGzWrtRMSmrUA2XKV7YLAhwSazsdUPV
2025-10-28T06:45:42Z	PlatformFee(Nala)	0.012300	5BJAN4CsaN4i6N32BFxtjVPHHoceLavBg7Cxtce3g6jCfjFYYDpbck2rWyA3CVLVMC7gcJTNQBcFFy6QC6BESHcZ
2025-10-28T06:45:48Z	SurfBot	0.623200	63Bupk3N9f4aJQkaX1sjMkzi3z1UxiyLiV8fLaD4Zq6VxdnHdm8ZvewaKDXBEVaqLBzCoNh6qVQCdNA8pvJQKuYJ
2025-10-28T06:45:54Z	PlatformFee(SurfBot)	0.032800	5Vc87h5GX1mEtwJsqnqm5nytn3JJ3qAAeQ26qs7dD9YqAnbhbMUYESHAD3mwZmQXfGjcKZ28ThUp29Yhc4PjPxUY
2025-10-28T06:46:59Z	Louise	0.062320	65rKVuKakTH2qpoz5fY2xxshi5ho6jyV77JqTGKfCrSRQvRFPCx2hKa4YqZTSY31os4vw6EDHjvUBpNeYZEcJgma
2025-10-28T06:47:06Z	PlatformFee(Louise)	0.003280	RcVCaNYSoAfrGZL84NVCpd4C6m2Qi6Davo8crzBFgB7dUzsKgKKBw2oBYWGEgrsyUSFRjghn2uURK3ocCpStX8D
2025-10-28T06:47:12Z	Nala	0.233700	2nJiPZphrZmgxYPEYubnVgGJKgKqhFVz34ToZ7jT67FdBao1BtAfCyREefhmRR6odrTikf3jy9zR5AGx9kzsfnhx
2025-10-28T06:47:17Z	PlatformFee(Nala)	0.012300	3juFhVg8TcTkm68NRyQe8a7f5YFQvWX7Uh3iiru6kEoBzLrn56BGRga1jsnP44qVEGs88rJ3q84Qf3tYoBQtDcYj
2025-10-28T06:47:22Z	SurfBot	0.467400	2M4Sy8Gt9UvtvYBz926eKJAjjNriF4LuUau3TGAWqsiWnmRvrmEAiRCzgUsimXvSxE71VA6oDMnDeGPioXKrFUYp
2025-10-28T06:47:27Z	PlatformFee(SurfBot)	0.024600	5iLqPVmxAT3rbCZPx6jM9gUXTTTr7qLkL84rsusnzf7ygf7GCn6c5CMatbw9fmRPn4RjHYAnnSFWcs26b1w6Ekg8
2025-10-28T06:48:35Z	Louise	0.062320	5ngcygJb6EzgxgB7dFPkt5JFyY2Q4gRM7BAaxwRWK692Z4BSyspM1ZfLARkcLDb91CHeMH18vU7T4DcQDMivsELa
2025-10-28T06:48:40Z	PlatformFee(Louise)	0.003280	K8TQcNoHxEujm83hA7E8YxCDjt9Qcb5cZLwdjPufMzSAQcFXdyiB3CXxoyoBbDvqKNUPHtjoZ6Hs9Ws3bDWbvZz
2025-10-28T06:48:46Z	Nala	0.233700	2LSJddNtg5oJEYxYrShQBhp6DUNvEoCE8Qqpg8vqBSmjZx2ktMHJ1u5hzMmJEDj8zEZDyEUZUzDFaDQmTPvTusWD
2025-10-28T06:48:52Z	PlatformFee(Nala)	0.012300	3hwoRghgfpKc2PYfoNE6qMXHjtHHekuLMoQNebMvv1jREyhoTqiqvfiBwNPAF7HQpJP6tDxfEn72hS9biPbCAckE
2025-10-28T06:48:58Z	SurfBot	0.467400	2mKkLQZcbmydmFxncN427NxEaEc4nqTxdxvciBWpeiK8ve9C1jAZa8TFoUWBFHkRebbVKaRxV4YQrKxjp4TUPR5g
2025-10-28T06:49:04Z	PlatformFee(SurfBot)	0.024600	55ApsnLVbLjXFXXDiSp4doU182XsoMj8XxhkeX2cNfcjY7DsEiMVi7io822LyR1KpnHBPjaBHGRoenZMREZkAiq7
2025-10-28T06:50:09Z	Louise	0.062320	44Q39FNKj8BKzJUrxamjFZTnq1gm89m2kKd52arprXw1YFRNW6m2Di1c2vD1qNtv7CbXzEcT9dibc2eAn4RJobDF
2025-10-28T06:50:14Z	PlatformFee(Louise)	0.003280	FZJxKbCxCEiNodDvWuvDTw49tn4KY8X32BjJ5bfrpEfXWyyPUk98E9ruCAhy599UKEZKzf23bau1FV45APWFGNd
2025-10-28T06:50:19Z	Nala	0.155800	5cFGrjXqwJdpyubqGDkAgWbfUiJ7cJX36or5fvwNWNCaEZ7ACRisrsDE9qGyffyWYdnwaqQZaT8ffNYxbLj5T1pE
2025-10-28T06:50:24Z	PlatformFee(Nala)	0.008200	2vwNkwQcvypsFaGAMHK7TTpGvav2ZLGQJQF8AAqfszP16nwuLANjGT6LxZE2AwxRew2XH5MtpsCy3fhS1FTsLkms
2025-10-28T06:50:31Z	SurfBot	0.311600	3fnoHWTc4AjWxspRsNmkkA75YQQZWdQqr3pZXY8eXt59kwNKKRY7a7cCAu3Qj8fsu2Qri7qN5ubGUsSCUXt528fo
2025-10-28T06:50:36Z	PlatformFee(SurfBot)	0.016400	5SBG8zPNrMdASDcxXzagpTbDzbteJQMhz6R9UDjyGetZLPjq8xGJxVAqwXLQRUweRtBVPqmHwbJeA1cDTA5V1iHj
2025-10-28T06:51:44Z	Louise	0.062320	4z5gdfGAG1G5nSBNJZYC5ur8nzH81eyDAexFQ7azzPTTWeFttyoooPnKaz8nLWsRK1GT4ZsKaMXESgoETU7q8GLA
2025-10-28T06:51:50Z	PlatformFee(Louise)	0.003280	3hZraiAAQeZDkjfHvfnxLLimugwqjMesYHQPa3VufPNFBDePpnCLNMabzNcm9TEbErjxmTcL75fegUa31tYwFhSJ
2025-10-28T06:51:58Z	Nala	0.155800	4ZTWDX2XGeAbSAZXvhXnhYnuq5uzFeJc9fVPReusWdqG1hdQTdCMyzzJuGR8UNpfxaxzqg9nC34BPeHRz5FNkfLR
2025-10-28T06:52:06Z	PlatformFee(Nala)	0.008200	WYkZEMFdSCncAMgWWUEN1fdTVEjcm9cBwpRZWUw6Kd79JbFpmGd3yBHDLEnUcvqakmzBS8priv5AoUET8HrufDG
2025-10-28T06:52:13Z	SurfBot	0.467400	3uzipQZXsA3wQ2xVEDxANeu8Y3vk7uUhDcudkZqwrvNUZciBxL39FnRwGSiaJUDNKR8JocDJ7R2yC8WDygczJ9AC
2025-10-28T06:52:21Z	PlatformFee(SurfBot)	0.024600	2fZLwXx72Kjs8L5Wy3SyXD3qgE7RqtQHxdFqeii1mj912m1YMt6FZL7WCR6yHBmPheDXxJEuyDQG9DbUmPPQoQNc
2025-10-28T07:02:15Z	Louise	0.062320	UJsd6GLfZbNQegE1FdsroY7msaBPhvZrmAErqmYeuwjFtfz1sXhu7PjXnSXdetqmoXCpEekBTssUTWVz1XnZuWG
2025-10-28T07:02:21Z	PlatformFee(Louise)	0.003280	3qNrKV6bsdokEqSSsTmWpoqTkwB6w6qvYzzAWcVCoCh6PUsg2tAwWdgd3dRPL4tZ13gDbexg5GAsogfBCunZQ42m
2025-10-28T07:02:26Z	Nala	0.155800	2WTk6JnLKg7tT3K5dBtXYXJuTAZsm6Pm7X4zgXsdS5gHBaSMHzTvwGgsZmkZiAdByeHUxD1GGuWVyhReKiWHk9bZ
2025-10-28T07:02:31Z	PlatformFee(Nala)	0.008200	o4PSwrUMtnjT98Ph5CPtaPXKNmxYxkNLifT65uboAnc1mTpCHPh5TYDgkQnQoiSZNotjBnWK9X9jorkTEu8XCtM
2025-10-28T07:02:36Z	SurfBot	0.467400	2y5F7GYrBM81PpGkMtqhh1y6CJBNnuWbQtYPLHed6RqKHQShXEYTqq4Yo49zoZzJXx85AMB2WiGhh4N8FTx6Cvjj
2025-10-28T07:02:42Z	PlatformFee(SurfBot)	0.024600	3tXnTQcgPRyniRtHtCTyCyQ5tnVLtkCtMPyWMPzu2pEnA3YU5r1o8NXApr63y1v5zpNUTsU3aedApncHekUdGi3P
2025-10-28T07:03:47Z	Louise	0.062320	4S4ugwZVjrpmJsvwp9nxS8N8NXAaDW47SXAp9E6vKRig4YKgank1wb1kiNZzxDccgFTm3EpRnvRzFWEDpUBLERNk
2025-10-28T07:03:52Z	PlatformFee(Louise)	0.003280	2P2uPwqoRTtr2fkuwML2y6EnfobtZPKCUBGHxKfMydv95tJdGdqED3zzmU4M16nG4y6oZ2uN7F5TiG4xd2mhVZDv
2025-10-28T07:03:56Z	Nala	0.155800	4pjKh11XautBacW6ZJD9Jit4EP2UHV37bk1n5MWwBFXwwytb5Av9WSnFAyRRgY5TpJJYnEMYRbaUgzFnRFpRfowC
2025-10-28T07:04:01Z	PlatformFee(Nala)	0.008200	2iqTWsJog3RrE5utxQTfn1BP6TfS3791fex6T592ubUEZDxBbUg3xDGwiZ4jHqkhpWHLGDgnY5rc1jM6ik9CpcXE
2025-10-28T07:04:05Z	SurfBot	0.467400	5knC28N8npa9e557MocfeH8Jijx7qYFKGu4MocGRcsfxxREKwK4nuRFX9LzPqinChB3BHfnnD9HVStjyBPUx7b7c
2025-10-28T07:04:10Z	PlatformFee(SurfBot)	0.024600	3mkrhH4ebhT3GjxVFCyDkPaUi35A6ecnFADHMLDEGscn9prCdfaPVixqizf5uKVpuVNwhbacngs9bXxmLMuoQ4vh
2025-10-28T07:05:15Z	Louise	0.062320	thLwQh1R3GMXRzE2Ad7ucn6JVbJcjnF9nti4gfpsVRy5VwvsHP5bz5ozjwjs7yuxMVbSRrjWQeEVixP3cPQvvFt
2025-10-28T07:05:20Z	PlatformFee(Louise)	0.003280	r2Xzmd6UFtdoGejAKgJHKoYCKUhCuwoT8TkreNg4thXYibxysiz9YxBvbjqcW3TT4ya1bo1H4mzif6t6DQHtbVN
2025-10-28T07:05:25Z	Nala	0.155800	5jiFLDJ9omhmteEqMhDtS2PdDLwm22XJ2zxQnCepyxJxmmV8xHkRN1ULVK3pzRtWsWveAi5N94SUt3yDmVfrG2fY
2025-10-28T07:05:30Z	PlatformFee(Nala)	0.008200	5dLhs3zTfjYC7vswv7qjnhuoMzQnyyxA9rtj42WCCQMVTj7mD5Fe2TouKFFeuGoywRviQsBLYtUnU3u8pyM3EkuH
2025-10-28T07:05:35Z	SurfBot	0.467400	Q8cjtv7vYG5kAa3PKusApmMgVCRfxDF9e12kZuVziMpS3Q9tuy8rrteagMZZpfmQhY8LJsULhkJsr6dsHtPbvEQ
2025-10-28T07:05:40Z	PlatformFee(SurfBot)	0.024600	2P35EJXRs4LBjZ2m25bsx5VQXTbUzLvkZJduTgAsGM3S566jP6vnLG6fUkrhvWxhp3dYjPivicn7EybgLbRj8HY3
2025-10-28T07:06:45Z	Louise	0.062320	4qAE3Xec3gfftvthzNBYapS6AhV1fbeF7xDZcL53hJqjLMBfw4EB6uX92njm2B7qoB479DV3w9vwCahRNS7vv9yS
2025-10-28T07:06:51Z	PlatformFee(Louise)	0.003280	29abSVEENw4tksrqkuQnPjjXKVncC3bYzTWZkxAR5SUTF7WQqDtEfq6XS2qJJQQj8NAokekY5DDajr64Uk6Z3c2v
2025-10-28T07:06:56Z	Nala	0.155800	3oFRPQWHykwT12UXWfenmoZ3BHKUT5hjrpWZkoG4kGQ5NYs7DCVVjXwwtZ7FJQ3HMYWY8G6kiiVaZZEZ9Thrx5BH
2025-10-28T07:07:01Z	PlatformFee(Nala)	0.008200	4bnuj4SdoLfeRhw6AmvPD5WvTg2NpNLVB9zejPk5eqsZCCdCSGxMFtQoPyhX2ycjrt3B7pfZtc2WHwfdJHs8PnYG
2025-10-28T07:07:08Z	SurfBot	0.467400	5koRMU7zDw8BrmQLJdMj8mmCsqpDNGWW6qycfqGCmwas2UHV3eZHtLC68aXW7qYa7PAWdGwy5gC3yjoNKY7WhLWs
2025-10-28T07:07:15Z	PlatformFee(SurfBot)	0.024600	4pxNJWNkoLo38F6UpCYZQcXKnrFLRcxmBtEUV8Gpv5GQNUAnSQBUwtMNc9dcnTrVHkhhZKz4UA951ZUy9a9rDycH
2025-10-28T07:08:21Z	Louise	0.062320	5Z8KaeqRpegtHM1QsqPtrBmdakjY4BaYBi2fgn1G8KJNUe1fvEv2qLfxVYRtHa7QXiFrYW8wpqfwkAHFBRnhWq5s
2025-10-28T07:08:26Z	PlatformFee(Louise)	0.003280	7a1dfEuzoyUUByV2CGRE1vMKqrxgRqFsd8sZgVwyiYsCba9vCGHS8SrU54Gdkvqo9PkFDkhL2vWQqDuyo9jKWgq
2025-10-28T07:08:33Z	Nala	0.233700	3PejTTquphbyByQ8E1XG17LchFBUPihqxSmdhRMXR4L9XUKamwHDYbNtq8nEeTGZXETyU6hhMvkxuDvuhKUo11fq
2025-10-28T07:08:40Z	PlatformFee(Nala)	0.012300	2Qp1kH6BBkBY5wBKaHFvczCFccT4RfVMD6KYdT6mBAAyCc3w7CYNHD3YTYFMXuJgpvJNKG5QGPegrnyxy3Es2vMV
2025-10-28T07:08:46Z	SurfBot	0.467400	465SRYmBmbwdShCnX5XYKqQHE8Bz7yCdqrhBxmvPDqCVdFAVh3qrdLRTW175Y41Nix2uHkLBpsAS7KqWzwhBEkUz
2025-10-28T07:08:52Z	PlatformFee(SurfBot)	0.024600	4Z2DAHuqVZ6wcpVx476swcC7LstjM9DPB11SRAxLPiZDCcn84Y7doSztEbn22i182HvS5ob2pQDVBhVaEXkzLRFT
2025-10-28T07:09:59Z	Louise	0.062320	5PbC4x22wRYZtLd9mfmsubHRotaMkC9vt1jSjwpijQ4Q1gbKpxJtT8Btg9UyfqgSA35uVhRTHVD47xnvp8PbfGkZ
2025-10-28T07:10:05Z	PlatformFee(Louise)	0.003280	339EhKvBpB5UcZAwRLq4kUyMjjn18bxqY1uCQJmpmA4hGR46S2BawkLSA81DQPyNs9hrKDkvZ5eQ37cY4TavAw5s
2025-10-28T07:10:11Z	Nala	0.233700	4dv49CeBh64W4rC5ahe9cQwcXHCPGjV9r5Zv8zbPpXX9LPDvWa7k8daeCNvxFciQsmahpkMVZxUcanpCumgEyD2j
2025-10-28T07:10:16Z	PlatformFee(Nala)	0.012300	3owxUPKh5fbpgh9wV4Sbebs1Q7AqcCfJ36PCLNF9uj9h5brmMowrEadXNuwGTwfH72LYLyWhi35E6K3jD8LGB89b
2025-10-28T07:10:21Z	SurfBot	0.467400	3zCweHwYUhFmNnKi42FkaFVi5QWYcxT5B5pcZAaErSZHnHqmkPYXR3EHEpWv5U83K8cSSGAiCMvV7jjMF9dUKgog
2025-10-28T07:10:34Z	PlatformFee(SurfBot)	0.024600	4b6F6fegqz4hXWTTcNmwggYpAT84g9bcinWaqjjkRsJZGTLER9MMcP3F9dagjn4TgarvoJb6rZcFAQxviqtR1J4N
2025-10-28T07:11:40Z	Louise	0.062320	3hmwv6vD2JYaVfyPRSNbD4s2vujzoyQ3JbsETGoNNBiYbrhiXkchV2wpJfmBNLM3QGF4AJKGE6imHNzX5XDSAXNU
2025-10-28T07:11:45Z	PlatformFee(Louise)	0.003280	29EaUQ8KHnMqZsSvb8XCQzH7mFbFwp72qk1jeqWkxJR6PDUKPhm5Yc1CFwJnVtpy4KS6MwwpomgjKBKQEywgQHa7
2025-10-28T07:11:50Z	Nala	0.155800	4wHbz9rmDN8Piuqph2zZ4PkBqMz8ZaP8zuPqiqJabvZx15RVcmW9ZSgJuffrr9gshToDFxcaePobQHx1dawFJvEV
2025-10-28T07:11:55Z	PlatformFee(Nala)	0.008200	4a9gscuv3WFLMJJQWxtnymALhcVxKunnb6FcGFrDg7u3Ms2kHZCdQwFxWp65osSWsCPZwVVk1EFPgmftc4T4NA91
2025-10-28T07:12:01Z	SurfBot	0.467400	5sbn2ttdNbZwyPpkGbDT5NVseC9spCfWiUqRpjpDdFV8UQtzdSenhu3BfhGsZ1tM7jYjmNyMZSvb6PWszih7JQEG
2025-10-28T07:12:06Z	PlatformFee(SurfBot)	0.024600	4sV4jtKiVxLPyKCVYZv9R3CPwvSGYszVYA3ZtZxSKniQ1ZMVC7RxPh32iJ7dLcJyv69tXndFM1ZYok8zHFs3VMJQ
2025-10-28T07:13:12Z	Louise	0.062320	y7NPHMjzUBZ1fAnoxHFSTEarF98QujW1AHEhnfNBDkV3VEAqhsmwuCMFT3YHhiicqUR54px9G4y5k7yxgjatSgh
2025-10-28T07:13:17Z	PlatformFee(Louise)	0.003280	2NjvT4FyR3jnYPnEQTLLyW3r2rAmhgdxb6x3UVc7vB23e66gcAmBYNU1nTHgLup9gG9m3ANSoBU5L8ifbGAB9xEZ
2025-10-28T07:13:23Z	Nala	0.155800	3Yzzasp5vtEDHkFgE6VqVYPF8YQdvcTTSDePUgRHZq51Y26QT2uazc5AMRAAsrmFNvcrRJtePtwf4HCLEViGrfkz
2025-10-28T07:13:29Z	PlatformFee(Nala)	0.008200	3ncrgKxEivD7mR8EDC3DV4TxXEvG2PwM7WcdoihoHYZFv8VF47Aji9g3scrkCmko1HmWANk4RkQsKYvgexiwUf1v
2025-10-28T07:13:36Z	SurfBot	0.467400	2LYrHVctcAVUXazSzLDKAiHS47rg8H9TccjTobNYzTUpE8yUufsmEvotcjFJZi7NCu2X8PWDrvr9wDgAhGn4jnJz
2025-10-28T07:13:42Z	PlatformFee(SurfBot)	0.024600	ijydx3atC4EMvpbSdGoky9n9kWR4KNXgDo1LJjwzXpd7RBQZu4wF3TicuU88NokyGw4wxGwUW1tn1vsWjXyFLJK
2025-10-28T07:14:48Z	Louise	0.062320	4K67suFV1ecWrU8iYKnVZnDKCv8QDHWWmXAr8P4csJXFpACCWKkEPKJFs3jUXi6rcxoyMnbSbnAWXCo89CsD3v3M
2025-10-28T07:14:56Z	PlatformFee(Louise)	0.003280	4AqZ2bzwExcGEYCTMihQQtUZ7obGCmE8aWcyX4TveRSxUr19z2P7ZJEAUSLxPxcaQZVrE4gJKGNcWSvKxrpPS2oD
2025-10-28T07:15:02Z	Nala	0.233700	8nz6V2wNwaEER3xYDgSjGBL8tLTtxGke9SyQLfPMooKNwkFQrERSzDd3oAQmuze1buqUad948FP6MfCUNw76Lau
2025-10-28T07:15:08Z	PlatformFee(Nala)	0.012300	4pWnCPN2Wnn9HqNhnB14NYLRURmK4YjMkzHrGyqbtvqJvn3xqKkxUTtoqU4QdaDYD36gcoDSK9RFqBfw3WpAoB22
2025-10-28T07:15:15Z	SurfBot	0.467400	378xoUwWRacJhp8qd7Qm1FQUWnsVG4Com5GwzygNKQiJkpRQUa9c7Gj2goRavmFc6E9Mzj96eTf8T2XLadnm77XU
2025-10-28T07:15:23Z	PlatformFee(SurfBot)	0.024600	5zvDVgdxyp5jZc71qqv7MiPvK1yssN79etanohsxbMeSt9sEWw11YCtQeWtq6isCbnmK3nJGzC7o9E12iLhWQ9hs
2025-10-28T07:16:29Z	Louise	0.062320	2dHY3r7Fo8AezEVbA6YHEw1q9UyuVk6CWtwi4hp5Nty2oJ7vfS8LpGbYFJq4m4MHQAK4hZCaNbCSgLrdRAYLs2Kp
2025-10-28T07:16:36Z	PlatformFee(Louise)	0.003280	4ExUUUpBQXEaNMCbQL7r1Xo4AU3iLNvvmwoQDnkwutc8wmHuGRTji52RG41rz588q29gkkCgd25Rsk21apNuMxCJ
2025-10-28T07:16:42Z	Nala	0.233700	NRwGsZ5PuJDs91Rtpzbimp9aizHCXPpoU3pwxgc48srHan8jLCzG3toYpS8UhWm3xhAQHpuULaBjokSFJMehiby
2025-10-28T07:16:48Z	PlatformFee(Nala)	0.012300	2jgi3xLJtfYt5rn7oA8ngim6XiNA4gHvanTohP6qiMNccs2mRRpzC6t5jqw1gyJTbXJi1YADui6rYH4qfNZnd3h3
2025-10-28T07:16:55Z	SurfBot	0.467400	5jPtTpggzBNSc1abFuBhwyj2Dx8jt4rTGa6sDzPhpgSRE6bGqVrpGAmpkJHWniMtHgp2c5KTMpZyB8R3zxi6Pgh
2025-10-28T07:17:02Z	PlatformFee(SurfBot)	0.024600	29V9fWkjpK7JBK2g38Qwhz6ckCJDQYkZX2axQHeVqGVpNiyEbpF5wUySavM1Dv9SC5egJ5zoxJMTEHNRfDPW26om
2025-10-28T07:18:07Z	Louise	0.062320	33ntCFrfBpA3zwjMz9uopqL4E3qtHFSqAwu6X2UK1AKzBptb2Zxz6ASJNbpwWAVKvPmkHcbpcg7V8Lxn8hyZgjxH
2025-10-28T07:18:12Z	PlatformFee(Louise)	0.003280	2dTUDkQg8Xwjmrxi11LrreA6B5RoXXUjNChdAe2Yo5k7MWrogxnL1MoJkGs1qZx7zx4iehTBwaYoZogoxAExSDzu
2025-10-28T07:18:18Z	Nala	0.155800	4pe4Fq8BzRF3E8JiuwGsDxefoQPK2nivt8ETWpeXEN8Hc1EAVmWM4St6DDnTseKrrTciZHLkkzDhyqLK5piscwa4
2025-10-28T07:18:25Z	PlatformFee(Nala)	0.008200	5Fr1n6JbmogbdDqdWxvUsFFRFcgzLN8fAZpM5PYoYd3eNxWbmU9FBMoQxrdNrfC3tE86dXAGwpo8Ee8WsAF3Zcgg
2025-10-28T07:18:31Z	SurfBot	0.467400	3u8a4HDfAisvNUawcnzGEoNxXJmFAiVpf8Pw21FNDrNPUbPxFabmMG7sUAZ39XyfJkYJbEqBSjzic55Axrrtwp7M
2025-10-28T07:18:38Z	PlatformFee(SurfBot)	0.024600	27fSee4dTtHHnnKR96ZVbx4nhmYWXMVXHBXq9EtF5KPnWVvtsamNuHXUhH5YrVyXmX86EB5hZjXQ4CRwJXP3Sxiu
2025-10-28T07:19:44Z	Louise	0.062320	TxNRh7QSycPq4FUiLdaGuS6oqFQrNjmw999xp5tPorQgsCpvRgyu16z8BNU3WbpT1iJ1Yqyg4PQuMqU28M4fiLL
2025-10-28T07:19:51Z	PlatformFee(Louise)	0.003280	RGYBv42evsjGwA8jfievUxUwUHacVzAPB7SkYzweYPAPfo4ciaYHESmD1yQejhmgCLAmM89RupHiunJH8KeK7ca
2025-10-28T07:19:58Z	Nala	0.155800	2q9tADfNpHF8VhidhAgbnWTPnQxcGGkjCjkX7rnUPm5xaMkfAQrWgBqqy2Sb2LgzHxyVtftiBE2YywaUN87Ed2VU
2025-10-28T07:20:03Z	PlatformFee(Nala)	0.008200	54u8BbYKo7VdrDMjJUmnK9V65YT7jUtnpXo1tyLYdqswfD8i3mjvKNVQBJWsEnDJRhtUxnSabJuLLA4zBMcNjWAf
2025-10-28T07:20:09Z	SurfBot	0.467400	2hnsmp3nUZqCbpeE3JhLwPWgbuUCLhQtuuwrLRmkPArEsePaJkeQ2o2MebuDLRjizMVJdtraCM6W3Ndf3UV213VK
2025-10-28T07:20:15Z	PlatformFee(SurfBot)	0.024600	4TimE839dKmTxvdiLMJop6v8EKvQC4vGAg4C8Xm6tk7ZGcmaPvBHbgAhQbsMyiXP5UUMF4v7a3uw5CoMXtaeqS6w
2025-10-28T07:21:21Z	Louise	0.062320	tagobBpKbpEMFiHAtmpG5n8wJ5mqfD2pHi4XAcnv93f9PJ2VKSBbQAgxus1vwdJQDqcGTnqdRXPnHdSYwtyeKng
2025-10-28T07:21:28Z	PlatformFee(Louise)	0.003280	2RCqUaGY9iN3TkxKXENZDXLTZCVzbiY5vnkf3TytZcTvFAMdxyvntyTc5KuYvmezDGeu7B3xnYdktJTobSsg8jAM
2025-10-28T07:21:34Z	Nala	0.233700	4aauE3R9JqRccp6tN9SCrkzBAE44CtH1Gxw18RGWaZTFvoMhFnomjZn1tQuCkiPEEMJjrRVdqsF8vpKeE4r9LFz
2025-10-28T07:21:42Z	PlatformFee(Nala)	0.012300	44ssYWW1J8JYrLrd9Cb9a8ECqTBp7tuBfgwVierwXNWp9yjKA533aRsS7qWX8NL6HTgD78BJoXQaAbSdvGwSzNab
2025-10-28T07:21:48Z	SurfBot	0.467400	1AhXWw3Mt45RG9Cxx9YweC5K6eUNyrGQviPPgVazEi74E9yHw3gZGHngxpdVL5S9hw94hWChboyX3tF5RafG3Fu
2025-10-28T07:21:59Z	PlatformFee(SurfBot)	0.024600	2YbSnrHREfqs43WK7nhUsiCgMfEbppZofv4tiZXgZmuFZi3yhsT8qq3jm4fZziWFK9dycqRKHBN2zKC6kGXaJwte
2025-10-28T07:23:05Z	Louise	0.062320	2LmqiyFeuRiKDZNn1qmCvZp4e3SzTZiAN7SSYoV79Qqx8zdk6vRu9k86pGSsJHgyWtLumV1Z3GeaXNG5zrJiRqCX
2025-10-28T07:23:12Z	PlatformFee(Louise)	0.003280	3RgcBPcQ2UfaJAtfSf8BfrXpBv1DQsjWE1qT9hBFXnchv5CDwdiw3DxvB11hsGEHZ7prNqVdphqd9YCZkYdo3EFJ
2025-10-28T07:23:17Z	Nala	0.155800	3b5yQoenJJ2XjhogSzhXALRxxYDS65LjjaUs3Eicv2Y3hCrQyCfcT1gabafoJGfSCjt5VMgDZhkgGmAkxD2qAAYr
2025-10-28T07:23:22Z	PlatformFee(Nala)	0.008200	3q3CVjUunvi7ETZy3R5zwY6RdwBZF6QdZnPLZhVzqd3E8628FSyPzHuJRzRUTQB9K19G22wqLUFcP5QJLErims1m
2025-10-28T07:23:27Z	SurfBot	0.311600	bZoMMc7SdGcvLdgwCXxiTYoDJFVH1TfweWDpVSdrwwSbiJfKWrYztpSiSYXrAuxEeyxE97JVpG8ZQZq5nAWA8T9
2025-10-28T07:23:33Z	PlatformFee(SurfBot)	0.016400	umsexBhaiVyjjPyRxF8qEth8Jz6NuJWfpF5fnT4ACQgeseBi9pCrVVi4us6Xuxa24a4qm3hzX4XKrZ5qpL9Yz5j
2025-10-28T07:24:40Z	Louise	0.062320	4mYx3oDyZy28TWrDwuxQhrHw3AoYADjcF7izCmo4zzaerK2SWN72D3U7xS9djUCRuwZn687WhCvN3AYb7bwdj66h
2025-10-28T07:24:46Z	PlatformFee(Louise)	0.003280	5RGHESuRsBZf8cJxYF7wACHMwnCRr2E2PkaFDNHdLwAxRkCWCwJMiGB7TRKB3SDJHPinnS77HQVidcGtdSM2nieH
2025-10-28T07:24:52Z	Nala	0.155800	4aEephuREbvJHe6nNE5LRLtuNAB5YNxLYz38cAeUVBKJzgJJjuNG32poTMQy1sGQ29xX7L6apmhdDQSME8sCVW7
2025-10-28T07:24:58Z	PlatformFee(Nala)	0.008200	42AUBwP6ZWb9m9nxoitUkrdnQViZGtoYYXADRqm3d8AHy9WiioxuxvGZeruBSNc5UK69aV1riz3orJbQ2ttqRr6c
2025-10-28T07:25:05Z	SurfBot	0.467400	okRTCBKorC9qaxXLqevamuAoir5RuZm8XXehbdSsshTXxisHGsCTEgejdGL1rS6eH6dMpxtwyMVCjqXUEY1fvGP
2025-10-28T07:25:11Z	PlatformFee(SurfBot)	0.024600	3n65VrZkgM1szy5DuXWMjxoRxanLwYoMm8St2ako6VuHJVEe8FF4NxZGXsJL5y8CqEURNgFVLrjaHDrBfvNxaGXk
2025-10-28T07:28:41Z	Louise	0.062320	(no-sig)
2025-10-28T07:28:49Z	PlatformFee(Louise)	0.003280	5GG8SLXQ6Ckh9ime5gSL6nGQCvGrtUnAi6fYRHTt8f5rigZCcwSnwRb3YNdSeojdXxjWwLP138WWs4S3RGy3ADY5
2025-10-28T07:28:54Z	Nala	0.233700	2ktgCXwGoTcETXJSuprMd9fvv44LeV3H8y7PwezzDz4BxpxqZXGGZ1DcB3MCS8pTU1b5koW12WZHTg2SGtJNViMr
2025-10-28T07:29:00Z	PlatformFee(Nala)	0.012300	5qUvjeo2SMRbbBrjnvofWJur2yUkYcoKAw7p7WsPgWeXdfc2KoqcMBcJFwd6b7oYLM7dFNQZi8Kp7LFDmzSF4BLN
2025-10-28T07:29:05Z	SurfBot	0.623200	591TiwLcky5tZimXjUSFNsnRcmn9JNXk3qtZ2Gr9syFN219Cd5qeRYcF4LP9bgJaJheeguSnp9726Ka3K1VFVSN8
2025-10-28T07:29:11Z	PlatformFee(SurfBot)	0.032800	ozU3mE7Kc1ApjLwmGZ3WiodutbdN3AgVFDsb4sHJFQYsNh86RqXoAqKt8ztSHk2XNzqgU7xH6AzNMWTk7PjKuaD
2025-10-28T07:30:18Z	Louise	0.062320	3HrRpMcDJoSmuTGFh9J2dT4JjdtYUG1nfUZvmed45behGPaAprtWugt3ADJxtctRv7Bgdqn2wajdPFhsjcC7Mg7Q
2025-10-28T07:30:24Z	PlatformFee(Louise)	0.003280	13aRgjhoWmtDpzaJ18DjRga1ErVyndqsXHYbeXtS6YjEnYRu5ZvzJboLcz5GmAGjGVUUAy33U7EpV7ui9uVsurC
2025-10-28T07:30:31Z	Nala	0.233700	3iQSwTgqdCwgYsRKMyjQPRTntYzRVZ3C9eZp1v2gXdW9dG6EXo9jQ66wyJvasPQCihVUnK7X8XVd84Jj2fQ4RpK1
2025-10-28T07:30:37Z	PlatformFee(Nala)	0.012300	5si7Lp5SfewwRRLTdsd4jMyPMUC6PnTtbQ6tDynEJH6GfqMVMoCbxXe2rBCFNZc7MmKVgh8YTL6HEusNbrQuhyzU
2025-10-28T07:30:43Z	SurfBot	0.467400	2UGfnjmRVjmmN2VmRejCUS2EXRrahpRrSGqqPisyeHroJ8EdHgzPkhBmztjZd5a6HsWTDG5RUBi73rkXVXSLgfQB
2025-10-28T07:30:49Z	PlatformFee(SurfBot)	0.024600	2W517XAPaDKEvnheh1nYnki35NDesDFiRWjJKxhpSRzgPS5bdQTMko5jHAd8sHFCjGGVtKTRvYmFMtKAREMDcV8
2025-10-28T07:31:57Z	Louise	0.062320	324PLVeV3h9R7ARQZ1HVJmC6f6BTEfVBnpR3YdpMKKaMFTmz4GJ8yTvpuBnzmZdrksp1cUiyxkjJ5geAthGRWvCs
2025-10-28T07:32:04Z	PlatformFee(Louise)	0.003280	4X28aCP1WqpJRVScwTmx2aJ3QUUtQiL2FvjP5juKwRZV3YTEGJsfTFUkjL8E9aAtmERjQeCS63aDTsa4GUpiGtUr
2025-10-28T07:32:10Z	Nala	0.233700	5r4AFzdz4uK9YveL2cf9autEWyg9AzqUfiCtBUgoNe6Aqsva1BjdtihZFbJCuEVqTuEQnAvf2r4qfPtw2oFj6sDY
2025-10-28T07:32:16Z	PlatformFee(Nala)	0.012300	ddcZsKm7KLjM1TNXzLwqcsKVkWX7NYaWoVV1ZjLETYirMT6qy75jxcdS1oJefM7RuDwVwP5kBZ5mYhCcHxbEhQf
2025-10-28T07:32:23Z	SurfBot	0.467400	5uPxwVqDhyEHrQeBvq5rL1AUd3FU1zzVZUEq9nh1Btt5Z9CRTzwVj5renAasUppK7EUNvNuz8iYGDfFuuQnRDRe8
2025-10-28T07:32:28Z	PlatformFee(SurfBot)	0.024600	dhcJFbo9fYww53tpwVPKyroZNY8veRToV1xfcjx7rtmdA649Z424K8zs6eAvvf9qKs2ZiCDy2SBCa84o47vyFGR
2025-10-28T07:33:35Z	Louise	0.062320	5Ai8tYU7Kk2sJbQT38wLCBDksyxp1XM2MWrgrL2PfaycbDFAA7o4FEi85PnJWrWHamtXhfdrSRkQehSWCF9haqCZ
2025-10-28T07:34:05Z	PlatformFee(Louise)	0.003280	3nKV2pMaBiMFHix8YkGZkekgDTj1Gepx2z2jtZjd6ikjLBNEca7c2RAVDNNyGtC3tN2R6sb23jFPmA14S7i8jAcs
2025-10-28T07:34:16Z	Nala	0.233700	3K9Nz5WKZQbaMKPb1AV4hkUFfRbSmEZPEgbWFKf6B8goaqzHHUyaVMRsTEf9n51aFUs9iFk3jE9QLYL8Vy56fXPE
2025-10-28T07:34:23Z	PlatformFee(Nala)	0.012300	2u1AnP1QGq2yfBgpebrAutwKj28Ux119vSkjxwhVfgsGiPqReTUKKcKjQBmV6fQTuQdrn6TAK9mVv4gbLZVyiFmm
